fold,horizon_minutes,model,station_id,wape,accuracy,mae,rmse
1,15,baseline_daily,02300,0.2992553466515945,70.07446533484055,87.84970238095238,142.84590952858125
1,15,baseline_daily,03000,0.16665320859624635,83.33467914037537,42.99702380952381,66.90854187762932
1,15,baseline_daily,05000,0.18024399499273772,81.97560050072623,61.49404761904762,100.02748134292656
1,15,baseline_daily,05100,0.17315210990671778,82.68478900932821,101.95386904761905,145.37119462324878
1,15,baseline_daily,06000,0.18129364611713641,81.87063538828636,92.48511904761905,134.3077821912895
1,15,baseline_daily,06111,0.3047736605093724,69.52263394906277,73.11755952380952,109.51975115410528
1,15,baseline_daily,07105,0.22801423739696985,77.19857626030301,61.29613095238095,106.8084831992915
1,15,baseline_daily,07107,0.28981364556199574,71.01863544380042,81.6235119047619,120.90164120159038
1,15,baseline_daily,07111,0.16019239578561612,83.98076042143839,109.28125,164.9658108518247
1,15,baseline_daily,09000,0.17859274127922747,82.14072587207725,39.19047619047619,64.10001950077707
1,15,baseline_daily,09122,0.2761772903428637,72.38227096571363,67.97619047619048,112.49533059092677
1,15,baseline_daily,10009,0.2323586832125306,76.76413167874693,77.04315476190476,125.34058956641756
1,15,baseline_last,02300,0.19943428649637812,80.05657135036219,58.54613095238095,92.56763132460297
1,15,baseline_last,03000,0.17041954573244586,82.9580454267554,43.96875,65.43413855240426
1,15,baseline_last,05000,0.18664700981824683,81.3352990181753,63.67857142857143,104.18811683909155
1,15,baseline_last,05100,0.16955577851855408,83.04442214814459,99.83630952380952,145.09039669904317
1,15,baseline_last,06000,0.17511828571761948,82.48817142823806,89.33482142857143,131.82406768655173
1,15,baseline_last,06111,0.17450284707662916,82.54971529233708,41.864583333333336,59.187718421178914
1,15,baseline_last,07105,0.16639265766588615,83.36073423341138,44.73065476190476,72.34467145612895
1,15,baseline_last,07107,0.1580604766911652,84.19395233088348,44.51636904761905,65.25249721548704
1,15,baseline_last,07111,0.16421263878891,83.578736121109,112.02380952380952,165.47437220652284
1,15,baseline_last,09000,0.19362013779634352,80.63798622036565,42.48809523809524,67.14928730607858
1,15,baseline_last,09122,0.17253825551236088,82.74617444876391,42.467261904761905,66.42349250937394
1,15,baseline_last,10009,0.1841931647330745,81.58068352669254,61.072916666666664,95.95830102557197
1,15,baseline_weekly,02300,0.16372235430089266,83.62776456991074,48.0625,74.94744190176905
1,15,baseline_weekly,03000,0.15481202920785797,84.51879707921421,39.941964285714285,60.0660722514323
1,15,baseline_weekly,05000,0.15836557376334143,84.16344262366586,54.029761904761905,86.23835325090903
1,15,baseline_weekly,05100,0.1488598138399367,85.11401861600632,87.65029761904762,133.86365331400242
1,15,baseline_weekly,06000,0.15828116704685338,84.17188329531467,80.74553571428571,117.83695985191937
1,15,baseline_weekly,06111,0.16396432160180624,83.60356783981938,39.336309523809526,56.249973544967325
1,15,baseline_weekly,07105,0.1806411257064727,81.93588742935273,48.561011904761905,80.59364008052107
1,15,baseline_weekly,07107,0.16564780226457362,83.43521977354264,46.65327380952381,68.2647703361523
1,15,baseline_weekly,07111,0.15514909582706193,84.4850904172938,105.84077380952381,162.02308679556103
1,15,baseline_weekly,09000,0.16395187978082787,83.60481202191721,35.97767857142857,58.490371104180575
1,15,baseline_weekly,09122,0.160385971064262,83.9614028935738,39.476190476190474,61.141595030364904
1,15,baseline_weekly,10009,0.187222583757826,81.2777416242174,62.07738095238095,99.94059247277616
1,15,gradient_boosting,02300,0.15398232702283823,84.60176729771618,45.20320773627435,70.4626065733414
1,15,gradient_boosting,03000,0.12151028343894099,87.8489716561059,31.35001476499511,46.849404190049924
1,15,gradient_boosting,05000,0.13333848113323263,86.66615188667673,45.49124040769768,75.29378815508005
1,15,gradient_boosting,05100,0.12365117362544592,87.6348826374554,72.80717266561021,107.78873967171232
1,15,gradient_boosting,06000,0.1254247969003237,87.45752030996763,63.9841909592077,91.35444140278493
1,15,gradient_boosting,06111,0.14252803629485777,85.74719637051422,34.193578802655324,48.65346851788759
1,15,gradient_boosting,07105,0.14868248059321754,85.13175194067824,39.96970059768652,64.51292409687807
1,15,gradient_boosting,07107,0.13233993140513747,86.76600685948625,37.27239946061091,54.006549697650364
1,15,gradient_boosting,07111,0.1163259947206044,88.36740052793957,79.35613952346232,115.92132635984348
1,15,gradient_boosting,09000,0.1329868917712866,86.70131082287133,29.182706857382453,45.50631769139814
1,15,gradient_boosting,09122,0.13816862659495094,86.18313734050491,34.00778126105875,52.214327946206225
1,15,gradient_boosting,10009,0.1585781625035577,84.14218374964423,52.57975190212828,79.02149627330881
1,30,baseline_daily,02300,0.2992553466515945,70.07446533484055,87.84970238095238,142.84590952858125
1,30,baseline_daily,03000,0.16665320859624635,83.33467914037537,42.99702380952381,66.90854187762932
1,30,baseline_daily,05000,0.18024399499273772,81.97560050072623,61.49404761904762,100.02748134292656
1,30,baseline_daily,05100,0.17315210990671778,82.68478900932821,101.95386904761905,145.37119462324878
1,30,baseline_daily,06000,0.18129364611713641,81.87063538828636,92.48511904761905,134.3077821912895
1,30,baseline_daily,06111,0.3047736605093724,69.52263394906277,73.11755952380952,109.51975115410528
1,30,baseline_daily,07105,0.22801423739696985,77.19857626030301,61.29613095238095,106.8084831992915
1,30,baseline_daily,07107,0.28981364556199574,71.01863544380042,81.6235119047619,120.90164120159038
1,30,baseline_daily,07111,0.16019239578561612,83.98076042143839,109.28125,164.9658108518247
1,30,baseline_daily,09000,0.17859274127922747,82.14072587207725,39.19047619047619,64.10001950077707
1,30,baseline_daily,09122,0.2761772903428637,72.38227096571363,67.97619047619048,112.49533059092677
1,30,baseline_daily,10009,0.2323586832125306,76.76413167874693,77.04315476190476,125.34058956641756
1,30,baseline_last,02300,0.2570954971029994,74.29045028970006,75.47321428571429,119.74510378697069
1,30,baseline_last,03000,0.23336294108825803,76.66370589117419,60.208333333333336,92.09982614636402
1,30,baseline_last,05000,0.2562252744616539,74.37747255383461,87.41666666666667,138.87355074036992
1,30,baseline_last,05100,0.21079607057200117,78.9203929427999,124.11904761904762,175.20762343438088
1,30,baseline_last,06000,0.2115199495936572,78.84800504063428,107.9047619047619,153.6113776943064
1,30,baseline_last,06111,0.18458856951457034,81.54114304854296,44.28422619047619,62.93414689370227
1,30,baseline_last,07105,0.2033146785791388,79.66853214208612,54.65625,84.66289068726516
1,30,baseline_last,07107,0.17371594025245293,82.6284059747547,48.92559523809524,69.1263077892305
1,30,baseline_last,07111,0.20852038479157123,79.14796152084288,142.25,207.5376543574454
1,30,baseline_last,09000,0.24515814029186783,75.48418597081321,53.79761904761905,84.33119233118906
1,30,baseline_last,09122,0.24939389725576025,75.06061027442398,61.38392857142857,94.27467467837948
1,30,baseline_last,10009,0.208240019747324,79.1759980252676,69.04613095238095,106.89491251424724
1,30,baseline_weekly,02300,0.16372235430089266,83.62776456991074,48.0625,74.94744190176905
1,30,baseline_weekly,03000,0.15481202920785797,84.51879707921421,39.941964285714285,60.0660722514323
1,30,baseline_weekly,05000,0.15836557376334143,84.16344262366586,54.029761904761905,86.23835325090903
1,30,baseline_weekly,05100,0.1488598138399367,85.11401861600632,87.65029761904762,133.86365331400242
1,30,baseline_weekly,06000,0.15828116704685338,84.17188329531467,80.74553571428571,117.83695985191937
1,30,baseline_weekly,06111,0.16396432160180624,83.60356783981938,39.336309523809526,56.249973544967325
1,30,baseline_weekly,07105,0.1806411257064727,81.93588742935273,48.561011904761905,80.59364008052107
1,30,baseline_weekly,07107,0.16564780226457362,83.43521977354264,46.65327380952381,68.2647703361523
1,30,baseline_weekly,07111,0.15514909582706193,84.4850904172938,105.84077380952381,162.02308679556103
1,30,baseline_weekly,09000,0.16395187978082787,83.60481202191721,35.97767857142857,58.490371104180575
1,30,baseline_weekly,09122,0.160385971064262,83.9614028935738,39.476190476190474,61.141595030364904
1,30,baseline_weekly,10009,0.187222583757826,81.2777416242174,62.07738095238095,99.94059247277616
1,30,gradient_boosting,02300,0.16288048581808165,83.71195141819183,47.81536023629527,74.36664809426787
1,30,gradient_boosting,03000,0.12377466334148114,87.62253366585189,31.934231519076363,48.921330494783554
1,30,gradient_boosting,05000,0.14204385703161299,85.7956142968387,48.461263348313715,77.94317828108363
1,30,gradient_boosting,05100,0.12914158211711474,87.08584178828853,76.03998564536023,113.01659810417334
1,30,gradient_boosting,06000,0.13045150703756228,86.95484929624378,66.54851627020071,97.21945610540325
1,30,gradient_boosting,06111,0.15128758581732973,84.87124141826703,36.2950625153248,50.84246459072084
1,30,gradient_boosting,07105,0.14926405125267994,85.07359487473201,40.12604184947602,66.33138441217767
1,30,gradient_boosting,07107,0.13588053310574527,86.41194668942546,38.26957937082242,56.10288435470809
1,30,gradient_boosting,07111,0.11512901629052757,88.48709837094724,78.53957580069428,118.43108058278176
1,30,gradient_boosting,09000,0.14236732789112977,85.76326721088702,31.24115422639518,48.94446639092419
1,30,gradient_boosting,09122,0.14398646360127984,85.60135363987202,35.43973968171918,55.264174815992256
1,30,gradient_boosting,10009,0.15911664169101644,84.08833583089836,52.75829541426165,81.12923433872321
1,45,baseline_daily,02300,0.2992553466515945,70.07446533484055,87.84970238095238,142.84590952858125
1,45,baseline_daily,03000,0.16665320859624635,83.33467914037537,42.99702380952381,66.90854187762932
1,45,baseline_daily,05000,0.18024399499273772,81.97560050072623,61.49404761904762,100.02748134292656
1,45,baseline_daily,05100,0.17315210990671778,82.68478900932821,101.95386904761905,145.37119462324878
1,45,baseline_daily,06000,0.18129364611713641,81.87063538828636,92.48511904761905,134.3077821912895
1,45,baseline_daily,06111,0.3047736605093724,69.52263394906277,73.11755952380952,109.51975115410528
1,45,baseline_daily,07105,0.22801423739696985,77.19857626030301,61.29613095238095,106.8084831992915
1,45,baseline_daily,07107,0.28981364556199574,71.01863544380042,81.6235119047619,120.90164120159038
1,45,baseline_daily,07111,0.16019239578561612,83.98076042143839,109.28125,164.9658108518247
1,45,baseline_daily,09000,0.17859274127922747,82.14072587207725,39.19047619047619,64.10001950077707
1,45,baseline_daily,09122,0.2761772903428637,72.38227096571363,67.97619047619048,112.49533059092677
1,45,baseline_daily,10009,0.2323586832125306,76.76413167874693,77.04315476190476,125.34058956641756
1,45,baseline_last,02300,0.34328063140926535,65.67193685907347,100.77380952380952,154.53826194428973
1,45,baseline_last,03000,0.3111871171659611,68.88128828340389,80.28720238095238,121.67264947781972
1,45,baseline_last,05000,0.33033973489424995,66.966026510575,112.70238095238095,174.84058215033107
1,45,baseline_last,05100,0.26475367783643894,73.5246322163561,155.88988095238096,222.90279885657614
1,45,baseline_last,06000,0.2706919787406582,72.93080212593418,138.0907738095238,196.2040020403933
1,45,baseline_last,06111,0.2148395340470667,78.51604659529333,51.541666666666664,72.0756464384733
1,45,baseline_last,07105,0.2384930058510609,76.15069941489391,64.11309523809524,98.31145842241817
1,45,baseline_last,07107,0.2058194153109694,79.41805846890307,57.967261904761905,80.34921918606007
1,45,baseline_last,07111,0.27045786706803654,72.95421329319635,184.5029761904762,262.69706888353363
1,45,baseline_last,09000,0.32993815439700536,67.00618456029946,72.40178571428571,112.43285033002292
1,45,baseline_last,09122,0.3322289466206371,66.77710533793628,81.77232142857143,122.81679760443815
1,45,baseline_last,10009,0.24256445930480444,75.74355406951956,80.42708333333333,122.7353121364756
1,45,baseline_weekly,02300,0.16372235430089266,83.62776456991074,48.0625,74.94744190176905
1,45,baseline_weekly,03000,0.15481202920785797,84.51879707921421,39.941964285714285,60.0660722514323
1,45,baseline_weekly,05000,0.15836557376334143,84.16344262366586,54.029761904761905,86.23835325090903
1,45,baseline_weekly,05100,0.1488598138399367,85.11401861600632,87.65029761904762,133.86365331400242
1,45,baseline_weekly,06000,0.15828116704685338,84.17188329531467,80.74553571428571,117.83695985191937
1,45,baseline_weekly,06111,0.16396432160180624,83.60356783981938,39.336309523809526,56.249973544967325
1,45,baseline_weekly,07105,0.1806411257064727,81.93588742935273,48.561011904761905,80.59364008052107
1,45,baseline_weekly,07107,0.16564780226457362,83.43521977354264,46.65327380952381,68.2647703361523
1,45,baseline_weekly,07111,0.15514909582706193,84.4850904172938,105.84077380952381,162.02308679556103
1,45,baseline_weekly,09000,0.16395187978082787,83.60481202191721,35.97767857142857,58.490371104180575
1,45,baseline_weekly,09122,0.160385971064262,83.9614028935738,39.476190476190474,61.141595030364904
1,45,baseline_weekly,10009,0.187222583757826,81.2777416242174,62.07738095238095,99.94059247277616
1,45,gradient_boosting,02300,0.16817107513747975,83.18289248625203,49.3684709904703,76.91757511125058
1,45,gradient_boosting,03000,0.13507801124073643,86.49219887592636,34.8505289180006,53.45326662596599
1,45,gradient_boosting,05000,0.14529217910622136,85.47078208937786,49.56949706420543,81.28198012602056
1,45,gradient_boosting,05100,0.12902311599827587,87.09768840017242,75.9702314900503,111.25692474326067
1,45,gradient_boosting,06000,0.1323272019179468,86.76727980820532,67.50538303318305,96.69013079790115
1,45,gradient_boosting,06111,0.1512719607882936,84.87280392117064,36.291313949951075,52.2273138274967
1,45,gradient_boosting,07105,0.14884607325821253,85.11539267417875,40.01367854191868,65.68505891247023
1,45,gradient_boosting,07107,0.14380544243177237,85.61945575682276,40.50156168298294,59.44057710974365
1,45,gradient_boosting,07111,0.1168364709106354,88.31635290893645,79.70437999934909,114.68796761183961
1,45,gradient_boosting,09000,0.14024881631496208,85.97511836850379,30.776267037305907,47.23997448906857
1,45,gradient_boosting,09122,0.1454134515153877,85.45865484846122,35.790967699548574,54.70599818330753
1,45,gradient_boosting,10009,0.16074668602157877,83.92533139784213,53.29876911591975,82.23666544112565
1,60,baseline_daily,02300,0.2992553466515945,70.07446533484055,87.84970238095238,142.84590952858125
1,60,baseline_daily,03000,0.16665320859624635,83.33467914037537,42.99702380952381,66.90854187762932
1,60,baseline_daily,05000,0.18024399499273772,81.97560050072623,61.49404761904762,100.02748134292656
1,60,baseline_daily,05100,0.17315210990671778,82.68478900932821,101.95386904761905,145.37119462324878
1,60,baseline_daily,06000,0.18129364611713641,81.87063538828636,92.48511904761905,134.3077821912895
1,60,baseline_daily,06111,0.3047736605093724,69.52263394906277,73.11755952380952,109.51975115410528
1,60,baseline_daily,07105,0.22801423739696985,77.19857626030301,61.29613095238095,106.8084831992915
1,60,baseline_daily,07107,0.28981364556199574,71.01863544380042,81.6235119047619,120.90164120159038
1,60,baseline_daily,07111,0.16019239578561612,83.98076042143839,109.28125,164.9658108518247
1,60,baseline_daily,09000,0.17859274127922747,82.14072587207725,39.19047619047619,64.10001950077707
1,60,baseline_daily,09122,0.2761772903428637,72.38227096571363,67.97619047619048,112.49533059092677
1,60,baseline_daily,10009,0.2323586832125306,76.76413167874693,77.04315476190476,125.34058956641756
1,60,baseline_last,02300,0.4260694570468336,57.393054295316645,125.07738095238095,188.98950430670808
1,60,baseline_last,03000,0.39164138472009136,60.835861527990865,101.04464285714286,154.29033971241176
1,60,baseline_last,05000,0.41637915618034865,58.36208438196513,142.05654761904762,217.28725227219383
1,60,baseline_last,05100,0.33205031325739676,66.79496867426032,195.51488095238096,269.77033331724084
1,60,baseline_last,06000,0.33142170389774045,66.85782961022595,169.07142857142858,234.30729339500988
1,60,baseline_last,06111,0.2465171382848069,75.3482861715193,59.14136904761905,81.58973842749262
1,60,baseline_last,07105,0.28283817969454916,71.71618203054508,76.03422619047619,115.09912265397286
1,60,baseline_last,07107,0.24550493228998801,75.4495067710012,69.14434523809524,94.16091691253608
1,60,baseline_last,07111,0.34634295312261415,65.36570468773859,236.27083333333334,329.3941137040204
1,60,baseline_last,09000,0.41192426626159606,58.80757337384039,90.39285714285714,136.3599709103323
1,60,baseline_last,09122,0.4179660340626719,58.20339659373281,102.875,151.24022990876847
1,60,baseline_last,10009,0.273500437582748,72.6499562417252,90.68452380952381,135.56156350529452
1,60,baseline_weekly,02300,0.16372235430089266,83.62776456991074,48.0625,74.94744190176905
1,60,baseline_weekly,03000,0.15481202920785797,84.51879707921421,39.941964285714285,60.0660722514323
1,60,baseline_weekly,05000,0.15836557376334143,84.16344262366586,54.029761904761905,86.23835325090903
1,60,baseline_weekly,05100,0.1488598138399367,85.11401861600632,87.65029761904762,133.86365331400242
1,60,baseline_weekly,06000,0.15828116704685338,84.17188329531467,80.74553571428571,117.83695985191937
1,60,baseline_weekly,06111,0.16396432160180624,83.60356783981938,39.336309523809526,56.249973544967325
1,60,baseline_weekly,07105,0.1806411257064727,81.93588742935273,48.561011904761905,80.59364008052107
1,60,baseline_weekly,07107,0.16564780226457362,83.43521977354264,46.65327380952381,68.2647703361523
1,60,baseline_weekly,07111,0.15514909582706193,84.4850904172938,105.84077380952381,162.02308679556103
1,60,baseline_weekly,09000,0.16395187978082787,83.60481202191721,35.97767857142857,58.490371104180575
1,60,baseline_weekly,09122,0.160385971064262,83.9614028935738,39.476190476190474,61.141595030364904
1,60,baseline_weekly,10009,0.187222583757826,81.2777416242174,62.07738095238095,99.94059247277616
1,60,gradient_boosting,02300,0.1632249472546703,83.67750527453298,47.9164806841824,72.51104152446253
1,60,gradient_boosting,03000,0.13907908610704897,86.0920913892951,35.882818141470146,54.67785743338422
1,60,gradient_boosting,05000,0.14447805591803997,85.552194408196,49.29174173535904,79.42026324206451
1,60,gradient_boosting,05100,0.12779069994193282,87.22093000580672,75.24457134482726,109.35319592578541
1,60,gradient_boosting,06000,0.13354567797491926,86.64543220250808,68.1269762638303,100.04529910259619
1,60,gradient_boosting,06111,0.16214817438636644,83.78518256136336,38.900601753305395,55.251305912971524
1,60,gradient_boosting,07105,0.15488673489325186,84.5113265106748,41.637564799406015,66.64931177254769
1,60,gradient_boosting,07107,0.14801153402282932,85.19884659771706,41.68617107702789,60.89597685678786
1,60,gradient_boosting,07111,0.11837787098117958,88.16221290188204,80.75590385997344,118.92648575382452
1,60,gradient_boosting,09000,0.14854691350680949,85.14530864931905,32.59720543655975,51.023096124330884
1,60,gradient_boosting,09122,0.1544888163886349,84.55111836113652,38.024709404012796,56.8642572496228
1,60,gradient_boosting,10009,0.17087700413176582,82.91229958682342,56.657678088719344,88.4905082511675
2,15,baseline_daily,02300,0.29957119013994093,70.04288098600591,86.80654761904762,144.23339014712693
2,15,baseline_daily,03000,0.17744155662358266,82.25584433764173,45.270833333333336,68.68579252828124
2,15,baseline_daily,05000,0.17867858646827625,82.13214135317237,60.614583333333336,94.58558577137579
2,15,baseline_daily,05100,0.1759711458299226,82.40288541700774,103.9672619047619,153.39520620187022
2,15,baseline_daily,06000,0.18705516923274537,81.29448307672547,95.34970238095238,142.0436039273387
2,15,baseline_daily,06111,0.3066042160424731,69.33957839575268,72.96130952380952,107.09230553481378
2,15,baseline_daily,07105,0.24186640578292298,75.8133594217077,66.22172619047619,108.91755701534292
2,15,baseline_daily,07107,0.2996542167084598,70.03457832915402,84.4672619047619,126.91133950612173
2,15,baseline_daily,07111,0.18346070000812278,81.65392999918772,124.35714285714286,181.0242765224493
2,15,baseline_daily,09000,0.18469259723964868,81.53074027603513,40.523809523809526,62.12238305305485
2,15,baseline_daily,09122,0.2908531852647919,70.9146814735208,72.49255952380952,122.18381814572119
2,15,baseline_daily,10009,0.25258644427835253,74.74135557216475,85.99553571428571,139.97047413991416
2,15,baseline_last,02300,0.2039748363076133,79.60251636923867,59.10565476190476,93.51630396429735
2,15,baseline_last,03000,0.18081867388362652,81.91813261163735,46.132440476190474,69.52122620363613
2,15,baseline_last,05000,0.18248613840539024,81.75138615946098,61.90625,97.51847352461701
2,15,baseline_last,05100,0.15496019202530784,84.50398079746921,91.55357142857143,136.07739175784877
2,15,baseline_last,06000,0.1874959859405744,81.25040140594257,95.57440476190476,142.9436702241231
2,15,baseline_last,06111,0.161200152582967,83.87998474170331,38.36011904761905,54.8927254699911
2,15,baseline_last,07105,0.1836404152399587,81.63595847600413,50.279761904761905,78.66213919578556
2,15,baseline_last,07107,0.16284545334565131,83.71545466543486,45.90327380952381,68.34953713223284
2,15,baseline_last,07111,0.17071012866924692,82.92898713307531,115.71428571428571,173.37674021511376
2,15,baseline_last,09000,0.18951473430770796,81.04852656922921,41.58184523809524,62.77144624975367
2,15,baseline_last,09122,0.17695981849662668,82.30401815033733,44.10565476190476,68.93864810381004
2,15,baseline_last,10009,0.174636892507944,82.5363107492056,59.45684523809524,95.09249100343358
2,15,baseline_weekly,02300,0.18232892540762613,81.7671074592374,52.833333333333336,84.38758724452536
2,15,baseline_weekly,03000,0.15020297699594046,84.97970230040596,38.32142857142857,58.46544563529242
2,15,baseline_weekly,05000,0.161641107523863,83.83588924761371,54.83482142857143,89.37758487770537
2,15,baseline_weekly,05100,0.16231478146542713,83.76852185345729,95.89880952380952,140.96951713723348
2,15,baseline_weekly,06000,0.1773075732894268,82.26924267105731,90.38095238095238,130.0023465905428
2,15,baseline_weekly,06111,0.17413843777554044,82.58615622244596,41.438988095238095,62.55427405366441
2,15,baseline_weekly,07105,0.18997228110223383,81.00277188977661,52.013392857142854,89.06330513420536
2,15,baseline_weekly,07107,0.16984030618978488,83.01596938102152,47.875,71.52359750459983
2,15,baseline_weekly,07111,0.15503316070593556,84.49668392940644,105.08779761904762,161.64355351469214
2,15,baseline_weekly,09000,0.17318322086201635,82.68167791379837,37.998511904761905,61.00450071218399
2,15,baseline_weekly,09122,0.1598364081437698,84.01635918562303,39.83779761904762,64.31772185982722
2,15,baseline_weekly,10009,0.19612831036457173,80.38716896354283,66.77380952380952,111.94369067058841
2,15,gradient_boosting,02300,0.15230391733537607,84.7696082664624,44.133006403468904,68.47059968110007
2,15,gradient_boosting,03000,0.13143865853774778,86.85613414622522,33.534070132410385,51.7933562719847
2,15,gradient_boosting,05000,0.12620806280620453,87.37919371937954,42.81458283006672,69.04987602985742
2,15,gradient_boosting,05100,0.12144838609745273,87.85516139025474,71.75412824502642,103.80579379002477
2,15,gradient_boosting,06000,0.13993647012372076,86.00635298762792,71.3313662127977,106.85318074898811
2,15,gradient_boosting,06111,0.1436940273940301,85.63059726059699,34.19426042062728,50.05476284172294
2,15,gradient_boosting,07105,0.15263816162564986,84.73618383743502,41.79151094866565,65.73093129753227
2,15,gradient_boosting,07107,0.14040929491169998,85.95907050883001,39.578914715251145,60.05807743010933
2,15,gradient_boosting,07111,0.12165536029163064,87.83446397083694,82.46296355815532,121.0987912185131
2,15,gradient_boosting,09000,0.1436195556842843,85.63804443157157,31.511883017662647,47.65287476974537
2,15,gradient_boosting,09122,0.14500816297855218,85.49918370214478,36.14198990666325,55.177235485398064
2,15,gradient_boosting,10009,0.14609578910329366,85.39042108967064,49.739746269573594,80.25345336412437
2,30,baseline_daily,02300,0.29957119013994093,70.04288098600591,86.80654761904762,144.23339014712693
2,30,baseline_daily,03000,0.17744155662358266,82.25584433764173,45.270833333333336,68.68579252828124
2,30,baseline_daily,05000,0.17867858646827625,82.13214135317237,60.614583333333336,94.58558577137579
2,30,baseline_daily,05100,0.1759711458299226,82.40288541700774,103.9672619047619,153.39520620187022
2,30,baseline_daily,06000,0.18705516923274537,81.29448307672547,95.34970238095238,142.0436039273387
2,30,baseline_daily,06111,0.3066042160424731,69.33957839575268,72.96130952380952,107.09230553481378
2,30,baseline_daily,07105,0.24186640578292298,75.8133594217077,66.22172619047619,108.91755701534292
2,30,baseline_daily,07107,0.2996542167084598,70.03457832915402,84.4672619047619,126.91133950612173
2,30,baseline_daily,07111,0.18346070000812278,81.65392999918772,124.35714285714286,181.0242765224493
2,30,baseline_daily,09000,0.18469259723964868,81.53074027603513,40.523809523809526,62.12238305305485
2,30,baseline_daily,09122,0.2908531852647919,70.9146814735208,72.49255952380952,122.18381814572119
2,30,baseline_daily,10009,0.25258644427835253,74.74135557216475,85.99553571428571,139.97047413991416
2,30,baseline_last,02300,0.25898061368596736,74.10193863140326,75.04464285714286,116.86046828427074
2,30,baseline_last,03000,0.23906957211516028,76.09304278848397,60.99404761904762,95.34456622966937
2,30,baseline_last,05000,0.24261299831555305,75.7387001684447,82.30357142857143,128.29892086544646
2,30,baseline_last,05100,0.207542987827147,79.2457012172853,122.62053571428571,173.10274697966165
2,30,baseline_last,06000,0.2348064201596282,76.51935798403719,119.69047619047619,176.90436614709304
2,30,baseline_last,06111,0.18246171355674648,81.75382864432535,43.419642857142854,61.32213924762216
2,30,baseline_last,07105,0.19857600956573726,80.14239904342627,54.36904761904762,86.03781698986181
2,30,baseline_last,07107,0.1864695789890458,81.35304210109541,52.5625,76.90512862952515
2,30,baseline_last,07111,0.22111308448351186,77.88869155164882,149.87946428571428,219.13007457520143
2,30,baseline_last,09000,0.2526230119705653,74.73769880294347,55.42857142857143,85.34347619221653
2,30,baseline_last,09122,0.2492924950743328,75.07075049256672,62.13392857142857,98.88426676820592
2,30,baseline_last,10009,0.19604089357442883,80.39591064255711,66.74404761904762,103.74751861633905
2,30,baseline_weekly,02300,0.18232892540762613,81.7671074592374,52.833333333333336,84.38758724452536
2,30,baseline_weekly,03000,0.15020297699594046,84.97970230040596,38.32142857142857,58.46544563529242
2,30,baseline_weekly,05000,0.161641107523863,83.83588924761371,54.83482142857143,89.37758487770537
2,30,baseline_weekly,05100,0.16231478146542713,83.76852185345729,95.89880952380952,140.96951713723348
2,30,baseline_weekly,06000,0.1773075732894268,82.26924267105731,90.38095238095238,130.0023465905428
2,30,baseline_weekly,06111,0.17413843777554044,82.58615622244596,41.438988095238095,62.55427405366441
2,30,baseline_weekly,07105,0.18997228110223383,81.00277188977661,52.013392857142854,89.06330513420536
2,30,baseline_weekly,07107,0.16984030618978488,83.01596938102152,47.875,71.52359750459983
2,30,baseline_weekly,07111,0.15503316070593556,84.49668392940644,105.08779761904762,161.64355351469214
2,30,baseline_weekly,09000,0.17318322086201635,82.68167791379837,37.998511904761905,61.00450071218399
2,30,baseline_weekly,09122,0.1598364081437698,84.01635918562303,39.83779761904762,64.31772185982722
2,30,baseline_weekly,10009,0.19612831036457173,80.38716896354283,66.77380952380952,111.94369067058841
2,30,gradient_boosting,02300,0.15858341506773266,84.14165849322673,45.95261234979798,70.48172602606994
2,30,gradient_boosting,03000,0.13620869333511598,86.37913066648841,34.75105365315322,52.39026682885241
2,30,gradient_boosting,05000,0.13000908967924635,86.99909103207537,44.104035946426244,70.22908803091812
2,30,gradient_boosting,05100,0.11832300941370245,88.16769905862975,69.90759337876742,102.07529056408534
2,30,gradient_boosting,06000,0.14230720486150675,85.76927951384933,72.53982707810965,106.24521282226074
2,30,gradient_boosting,06111,0.149443500644137,85.0556499355863,35.56243827158613,52.74592499779561
2,30,gradient_boosting,07105,0.15384858685332503,84.6151413146675,42.12291889158225,67.18655752021823
2,30,gradient_boosting,07107,0.15204726871479043,84.79527312852096,42.859455173064255,64.27029959813355
2,30,gradient_boosting,07111,0.1276297278142413,87.23702721857588,86.51263346270423,127.84716523807609
2,30,gradient_boosting,09000,0.1485864276397943,85.14135723602057,32.60167533236528,49.31659476649807
2,30,gradient_boosting,09122,0.1452007895825986,85.47992104174014,36.19000036784143,57.87651875462417
2,30,gradient_boosting,10009,0.14794439219480812,85.20556078051918,50.369121348002906,82.66878441979685
2,45,baseline_daily,02300,0.29957119013994093,70.04288098600591,86.80654761904762,144.23339014712693
2,45,baseline_daily,03000,0.17744155662358266,82.25584433764173,45.270833333333336,68.68579252828124
2,45,baseline_daily,05000,0.17867858646827625,82.13214135317237,60.614583333333336,94.58558577137579
2,45,baseline_daily,05100,0.1759711458299226,82.40288541700774,103.9672619047619,153.39520620187022
2,45,baseline_daily,06000,0.18705516923274537,81.29448307672547,95.34970238095238,142.0436039273387
2,45,baseline_daily,06111,0.3066042160424731,69.33957839575268,72.96130952380952,107.09230553481378
2,45,baseline_daily,07105,0.24186640578292298,75.8133594217077,66.22172619047619,108.91755701534292
2,45,baseline_daily,07107,0.2996542167084598,70.03457832915402,84.4672619047619,126.91133950612173
2,45,baseline_daily,07111,0.18346070000812278,81.65392999918772,124.35714285714286,181.0242765224493
2,45,baseline_daily,09000,0.18469259723964868,81.53074027603513,40.523809523809526,62.12238305305485
2,45,baseline_daily,09122,0.2908531852647919,70.9146814735208,72.49255952380952,122.18381814572119
2,45,baseline_daily,10009,0.25258644427835253,74.74135557216475,85.99553571428571,139.97047413991416
2,45,baseline_last,02300,0.3436076518166645,65.63923481833355,99.56696428571429,153.60850535262253
2,45,baseline_last,03000,0.31261373710979423,68.73862628902057,79.75744047619048,121.50729328492415
2,45,baseline_last,05000,0.32161531443009544,67.83846855699045,109.10416666666667,170.49210112969763
2,45,baseline_last,05100,0.2609821399336576,73.90178600663424,154.19345238095238,216.67573012178713
2,45,baseline_last,06000,0.28178697167679667,71.82130283232033,143.63839285714286,206.02421624307038
2,45,baseline_last,06111,0.21264687673922694,78.7353123260773,50.60267857142857,71.08649786402076
2,45,baseline_last,07105,0.24290994075764988,75.70900592423502,66.50744047619048,102.49284963445244
2,45,baseline_last,07107,0.21780124059654216,78.21987594034579,61.39434523809524,85.29850421565769
2,45,baseline_last,07111,0.2777288703406519,72.22711296593481,188.25595238095238,267.73729461651664
2,45,baseline_last,09000,0.33345315202278814,66.65468479772119,73.16369047619048,111.60151795349294
2,45,baseline_last,09122,0.33911278285270763,66.08872171472923,84.52083333333333,129.7150838422058
2,45,baseline_last,10009,0.23689075960819794,76.31092403918021,80.65178571428571,123.59012038647288
2,45,baseline_weekly,02300,0.18232892540762613,81.7671074592374,52.833333333333336,84.38758724452536
2,45,baseline_weekly,03000,0.15020297699594046,84.97970230040596,38.32142857142857,58.46544563529242
2,45,baseline_weekly,05000,0.161641107523863,83.83588924761371,54.83482142857143,89.37758487770537
2,45,baseline_weekly,05100,0.16231478146542713,83.76852185345729,95.89880952380952,140.96951713723348
2,45,baseline_weekly,06000,0.1773075732894268,82.26924267105731,90.38095238095238,130.0023465905428
2,45,baseline_weekly,06111,0.17413843777554044,82.58615622244596,41.438988095238095,62.55427405366441
2,45,baseline_weekly,07105,0.18997228110223383,81.00277188977661,52.013392857142854,89.06330513420536
2,45,baseline_weekly,07107,0.16984030618978488,83.01596938102152,47.875,71.52359750459983
2,45,baseline_weekly,07111,0.15503316070593556,84.49668392940644,105.08779761904762,161.64355351469214
2,45,baseline_weekly,09000,0.17318322086201635,82.68167791379837,37.998511904761905,61.00450071218399
2,45,baseline_weekly,09122,0.1598364081437698,84.01635918562303,39.83779761904762,64.31772185982722
2,45,baseline_weekly,10009,0.19612831036457173,80.38716896354283,66.77380952380952,111.94369067058841
2,45,gradient_boosting,02300,0.16805515598818532,83.19448440118147,48.697232514582424,74.67278781568379
2,45,gradient_boosting,03000,0.14257673198672255,85.74232680132774,36.37573741913632,54.87300475923289
2,45,gradient_boosting,05000,0.13594246338906624,86.40575366109337,46.11686234208133,76.27870809035393
2,45,gradient_boosting,05100,0.12161942220674646,87.83805777932535,71.85517978893861,102.17868752374946
2,45,gradient_boosting,06000,0.14814844611567574,85.18515538843243,75.51734765348253,110.70277859885826
2,45,gradient_boosting,06111,0.16844820085160128,83.15517991483988,40.084906462473384,59.26897602500088
2,45,gradient_boosting,07105,0.15400305192634603,84.5996948073654,42.16521060108394,67.27475446521152
2,45,gradient_boosting,07107,0.159312599399989,84.0687400600011,44.90742431747458,68.22012644592891
2,45,gradient_boosting,07111,0.12663426268625855,87.33657373137414,85.837866610052,127.50880488495194
2,45,gradient_boosting,09000,0.1447866151509684,85.52133848490315,31.767950105557343,47.72851698014553
2,45,gradient_boosting,09122,0.15693565486248193,84.30643451375181,39.11481076326949,61.36782999395566
2,45,gradient_boosting,10009,0.16225034653040757,83.77496534695923,55.23972400646639,89.04752089528198
2,60,baseline_daily,02300,0.29957119013994093,70.04288098600591,86.80654761904762,144.23339014712693
2,60,baseline_daily,03000,0.17744155662358266,82.25584433764173,45.270833333333336,68.68579252828124
2,60,baseline_daily,05000,0.17867858646827625,82.13214135317237,60.614583333333336,94.58558577137579
2,60,baseline_daily,05100,0.1759711458299226,82.40288541700774,103.9672619047619,153.39520620187022
2,60,baseline_daily,06000,0.18705516923274537,81.29448307672547,95.34970238095238,142.0436039273387
2,60,baseline_daily,06111,0.3066042160424731,69.33957839575268,72.96130952380952,107.09230553481378
2,60,baseline_daily,07105,0.24186640578292298,75.8133594217077,66.22172619047619,108.91755701534292
2,60,baseline_daily,07107,0.2996542167084598,70.03457832915402,84.4672619047619,126.91133950612173
2,60,baseline_daily,07111,0.18346070000812278,81.65392999918772,124.35714285714286,181.0242765224493
2,60,baseline_daily,09000,0.18469259723964868,81.53074027603513,40.523809523809526,62.12238305305485
2,60,baseline_daily,09122,0.2908531852647919,70.9146814735208,72.49255952380952,122.18381814572119
2,60,baseline_daily,10009,0.25258644427835253,74.74135557216475,85.99553571428571,139.97047413991416
2,60,baseline_last,02300,0.42412119655925024,57.58788034407498,122.89732142857143,185.04880710748924
2,60,baseline_last,03000,0.3939445196211096,60.605548037889044,100.50744047619048,151.93597394485425
2,60,baseline_last,05000,0.4075352681078046,59.24647318921954,138.2514880952381,210.54499504969525
2,60,baseline_last,05100,0.32894408748939,67.10559125106099,194.3467261904762,267.0238558318963
2,60,baseline_last,06000,0.3544604228337216,64.55395771662783,180.68303571428572,254.75392246618063
2,60,baseline_last,06111,0.24753459693708454,75.24654030629154,58.904761904761905,80.6615319597591
2,60,baseline_last,07105,0.28383607804772,71.616392195228,77.71279761904762,115.66578109651387
2,60,baseline_last,07107,0.2486366635871717,75.13633364128283,70.08630952380952,98.6543991730246
2,60,baseline_last,07111,0.33450930717065963,66.54906928293404,226.74404761904762,321.8196404080723
2,60,baseline_last,09000,0.4110074943199159,58.89925056800841,90.18005952380952,138.47443141158553
2,60,baseline_last,09122,0.43315421816227834,56.684578183772174,107.95982142857143,162.1662736132857
2,60,baseline_last,10009,0.2821202068281255,71.78797931718745,96.05059523809524,146.22487574183228
2,60,baseline_weekly,02300,0.18232892540762613,81.7671074592374,52.833333333333336,84.38758724452536
2,60,baseline_weekly,03000,0.15020297699594046,84.97970230040596,38.32142857142857,58.46544563529242
2,60,baseline_weekly,05000,0.161641107523863,83.83588924761371,54.83482142857143,89.37758487770537
2,60,baseline_weekly,05100,0.16231478146542713,83.76852185345729,95.89880952380952,140.96951713723348
2,60,baseline_weekly,06000,0.1773075732894268,82.26924267105731,90.38095238095238,130.0023465905428
2,60,baseline_weekly,06111,0.17413843777554044,82.58615622244596,41.438988095238095,62.55427405366441
2,60,baseline_weekly,07105,0.18997228110223383,81.00277188977661,52.013392857142854,89.06330513420536
2,60,baseline_weekly,07107,0.16984030618978488,83.01596938102152,47.875,71.52359750459983
2,60,baseline_weekly,07111,0.15503316070593556,84.49668392940644,105.08779761904762,161.64355351469214
2,60,baseline_weekly,09000,0.17318322086201635,82.68167791379837,37.998511904761905,61.00450071218399
2,60,baseline_weekly,09122,0.1598364081437698,84.01635918562303,39.83779761904762,64.31772185982722
2,60,baseline_weekly,10009,0.19612831036457173,80.38716896354283,66.77380952380952,111.94369067058841
2,60,gradient_boosting,02300,0.16826743576419867,83.17325642358013,48.75874468628509,72.5542612428058
2,60,gradient_boosting,03000,0.1464191557096933,85.35808442903067,37.356058643029016,55.61725288223508
2,60,gradient_boosting,05000,0.14589906611259926,85.41009338874007,49.4945212850551,75.67793722874181
2,60,gradient_boosting,05100,0.1218206257609883,87.81793742390117,71.97405486087939,105.55154958439489
2,60,gradient_boosting,06000,0.14017993673507376,85.98200632649262,71.45547114412585,103.50915535734103
2,60,gradient_boosting,06111,0.1788551129978959,82.11448870021042,42.56139536433412,63.78094833885836
2,60,gradient_boosting,07105,0.1666669755409327,83.33330244590672,45.63252504430983,70.09713008025643
2,60,gradient_boosting,07107,0.17123975942310923,82.87602405768908,48.269481292741766,72.1596948417255
2,60,gradient_boosting,07111,0.12691858851144136,87.30814114885587,86.03059424740795,124.68556772671921
2,60,gradient_boosting,09000,0.1476633159750246,85.23366840249754,32.39913336895462,48.19568640060673
2,60,gradient_boosting,09122,0.1659088109124407,83.40911890875593,41.35128979125699,65.51146927066557
2,60,gradient_boosting,10009,0.16686251820065057,83.31374817993495,56.809983149715244,89.57610560499187
3,15,baseline_daily,02300,0.30515941858527645,69.48405814147236,92.66220238095238,155.85101917719828
3,15,baseline_daily,03000,0.1709679596795968,82.90320403204032,45.229166666666664,68.4886156685217
3,15,baseline_daily,05000,0.17242736588045485,82.75726341195451,59.32142857142857,88.3482186469837
3,15,baseline_daily,05100,0.16808478619658615,83.19152138034138,101.38839285714286,150.99015952640596
3,15,baseline_daily,06000,0.18131027159650834,81.86897284034916,93.2514880952381,134.68180644799517
3,15,baseline_daily,06111,0.30029209402877216,69.97079059712279,73.58630952380952,114.14197247705324
3,15,baseline_daily,07105,0.2024432809773124,79.75567190226876,55.92857142857143,86.62214401256375
3,15,baseline_daily,07107,0.29911278808892516,70.08872119110748,87.29464285714286,134.8333848372378
3,15,baseline_daily,07111,0.1767095434704661,82.3290456529534,122.47470238095238,182.6461132314932
3,15,baseline_daily,09000,0.18748875307415974,81.25112469258401,41.861607142857146,62.52933835218396
3,15,baseline_daily,09122,0.28952830905784604,71.0471690942154,73.68452380952381,124.92024836823273
3,15,baseline_daily,10009,0.20226211051951049,79.77378894804895,69.13541666666667,110.42634503854336
3,15,baseline_last,02300,0.20584747174767465,79.41525282523254,62.50595238095238,101.9247066875021
3,15,baseline_last,03000,0.17892741427414274,82.10725857258574,47.33482142857143,73.18745298075022
3,15,baseline_last,05000,0.17906684025900438,82.09331597409957,61.60565476190476,91.31779119150463
3,15,baseline_last,05100,0.1590900680648034,84.09099319351967,95.96279761904762,143.02759994224226
3,15,baseline_last,06000,0.18132184490036832,81.86781550996317,93.25744047619048,133.4235279012628
3,15,baseline_last,06111,0.16355443818962428,83.64455618103757,40.07886904761905,58.447868000548354
3,15,baseline_last,07105,0.17094348566134487,82.90565143386551,47.226190476190474,72.34143168403041
3,15,baseline_last,07107,0.15282480114215785,84.71751988578421,44.601190476190474,63.18333584554893
3,15,baseline_last,07111,0.16898656584069238,83.10134341593076,117.12202380952381,171.96558002776518
3,15,baseline_last,09000,0.1836697969221746,81.63302030778254,41.00892857142857,62.17498827234844
3,15,baseline_last,09122,0.18049034340410355,81.95096565958964,45.93452380952381,71.91221086455742
3,15,baseline_last,10009,0.17432530681724184,82.56746931827581,59.586309523809526,93.00022401406711
3,15,baseline_weekly,02300,0.18710243366951884,81.28975663304811,56.813988095238095,92.96774434229992
3,15,baseline_weekly,03000,0.15614031140311402,84.3859688596886,41.30654761904762,63.906670230892175
3,15,baseline_weekly,05000,0.15449862236313383,84.55013776368662,53.15327380952381,84.01203676514795
3,15,baseline_weekly,05100,0.1430520366400312,85.69479633599688,86.28869047619048,132.30899305359836
3,15,baseline_weekly,06000,0.1723120278453691,82.76879721546308,88.6235119047619,132.88641430613913
3,15,baseline_weekly,06111,0.16363338252172488,83.63666174782752,40.098214285714285,60.27313821659023
3,15,baseline_weekly,07105,0.19812337060737292,80.18766293926271,54.73511904761905,88.95216745666232
3,15,baseline_weekly,07107,0.15898939424841935,84.10106057515807,46.40029761904762,69.03099502259491
3,15,baseline_weekly,07111,0.16333979598628456,83.66602040137154,113.20833333333333,167.32362782515634
3,15,baseline_weekly,09000,0.16256889783459189,83.74311021654081,36.29761904761905,52.90869831268633
3,15,baseline_weekly,09122,0.15918911491436824,84.08108850856317,40.513392857142854,62.91037890371925
3,15,baseline_weekly,10009,0.20760393039525984,79.23960696047402,70.96130952380952,119.00889072430081
3,15,gradient_boosting,02300,0.14517943745027367,85.48205625497263,44.08399543077105,69.13844351751054
3,15,gradient_boosting,03000,0.1315314311314379,86.8468568868562,34.79632693574778,54.843167699038446
3,15,gradient_boosting,05000,0.12746508555722222,87.25349144427777,43.85273143635547,65.01642603697707
3,15,gradient_boosting,05100,0.11298763048283184,88.70123695171681,68.15390331634732,100.68137584414822
3,15,gradient_boosting,06000,0.12727184916696102,87.2728150833039,65.45844988784609,96.22523188822066
3,15,gradient_boosting,06111,0.13932263929250935,86.06773607074906,34.14088836341576,48.272948774650196
3,15,gradient_boosting,07105,0.1356138679879931,86.43861320120068,37.46575270789717,58.63828793120833
3,15,gradient_boosting,07107,0.14000350598700306,85.99964940129969,40.859356538945,57.88095613194654
3,15,gradient_boosting,07111,0.12172007598499829,87.82799240150017,84.36233712833469,122.2007804924286
3,15,gradient_boosting,09000,0.14217368842898867,85.78263115710114,31.74387259758019,48.79378531582626
3,15,gradient_boosting,09122,0.13764884967443197,86.2351150325568,35.03142740754521,56.849561179848685
3,15,gradient_boosting,10009,0.14790478742681545,85.20952125731846,50.555485055918496,79.58612319013044
3,30,baseline_daily,02300,0.30515941858527645,69.48405814147236,92.66220238095238,155.85101917719828
3,30,baseline_daily,03000,0.1709679596795968,82.90320403204032,45.229166666666664,68.4886156685217
3,30,baseline_daily,05000,0.17242736588045485,82.75726341195451,59.32142857142857,88.3482186469837
3,30,baseline_daily,05100,0.16808478619658615,83.19152138034138,101.38839285714286,150.99015952640596
3,30,baseline_daily,06000,0.18131027159650834,81.86897284034916,93.2514880952381,134.68180644799517
3,30,baseline_daily,06111,0.30029209402877216,69.97079059712279,73.58630952380952,114.14197247705324
3,30,baseline_daily,07105,0.2024432809773124,79.75567190226876,55.92857142857143,86.62214401256375
3,30,baseline_daily,07107,0.29911278808892516,70.08872119110748,87.29464285714286,134.8333848372378
3,30,baseline_daily,07111,0.1767095434704661,82.3290456529534,122.47470238095238,182.6461132314932
3,30,baseline_daily,09000,0.18748875307415974,81.25112469258401,41.861607142857146,62.52933835218396
3,30,baseline_daily,09122,0.28952830905784604,71.0471690942154,73.68452380952381,124.92024836823273
3,30,baseline_daily,10009,0.20226211051951049,79.77378894804895,69.13541666666667,110.42634503854336
3,30,baseline_last,02300,0.26716947474688074,73.28305252531193,81.1264880952381,127.01312853964573
3,30,baseline_last,03000,0.24466744667446674,75.53325533255332,64.72619047619048,99.03944921090788
3,30,baseline_last,05000,0.24563892505395923,75.43610749460407,84.50892857142857,125.70784108210518
3,30,baseline_last,05100,0.20666635417874474,79.33336458212553,124.66071428571429,179.8840813915874
3,30,baseline_last,06000,0.21921284173796304,78.07871582620369,112.74553571428571,159.8926118412873
3,30,baseline_last,06111,0.18452933996465723,81.54706600353427,45.21875,64.76823378125157
3,30,baseline_last,07105,0.1931409303427919,80.6859069657208,53.35863095238095,80.40162393230861
3,30,baseline_last,07107,0.17155822965531306,82.84417703446869,50.06845238095238,72.13780628240711
3,30,baseline_last,07111,0.2132224591145951,78.6777540885405,147.78125,208.56232296252315
3,30,baseline_last,09000,0.2495451243326824,75.04548756673177,55.717261904761905,83.18292378561726
3,30,baseline_last,09122,0.25764370874092957,74.23562912590704,65.56994047619048,100.4675750227524
3,30,baseline_last,10009,0.2051136932567687,79.48863067432312,70.11011904761905,109.35466817827647
3,30,baseline_weekly,02300,0.18710243366951884,81.28975663304811,56.813988095238095,92.96774434229992
3,30,baseline_weekly,03000,0.15614031140311402,84.3859688596886,41.30654761904762,63.906670230892175
3,30,baseline_weekly,05000,0.15449862236313383,84.55013776368662,53.15327380952381,84.01203676514795
3,30,baseline_weekly,05100,0.1430520366400312,85.69479633599688,86.28869047619048,132.30899305359836
3,30,baseline_weekly,06000,0.1723120278453691,82.76879721546308,88.6235119047619,132.88641430613913
3,30,baseline_weekly,06111,0.16363338252172488,83.63666174782752,40.098214285714285,60.27313821659023
3,30,baseline_weekly,07105,0.19812337060737292,80.18766293926271,54.73511904761905,88.95216745666232
3,30,baseline_weekly,07107,0.15898939424841935,84.10106057515807,46.40029761904762,69.03099502259491
3,30,baseline_weekly,07111,0.16333979598628456,83.66602040137154,113.20833333333333,167.32362782515634
3,30,baseline_weekly,09000,0.16256889783459189,83.74311021654081,36.29761904761905,52.90869831268633
3,30,baseline_weekly,09122,0.15918911491436824,84.08108850856317,40.513392857142854,62.91037890371925
3,30,baseline_weekly,10009,0.20760393039525984,79.23960696047402,70.96130952380952,119.00889072430081
3,30,gradient_boosting,02300,0.15446208766227706,84.55379123377229,46.90268874380697,72.40434879795596
3,30,gradient_boosting,03000,0.13463961457413592,86.5360385425864,35.61858946507677,56.1038171911097
3,30,gradient_boosting,05000,0.1327345185736661,86.72654814263339,45.66561242946665,70.73188621559059
3,30,gradient_boosting,05100,0.12026620342431511,87.97337965756849,72.54432335095642,109.84037296712222
3,30,gradient_boosting,06000,0.13466824663597032,86.53317533640296,69.2625645938452,100.30793935380004
3,30,gradient_boosting,06111,0.1346042765432768,86.53957234567233,32.98465778454021,47.01563642443866
3,30,gradient_boosting,07105,0.1387625248963212,86.12374751036788,38.33562540483903,58.845240049232814
3,30,gradient_boosting,07107,0.1367000291292975,86.32999708707025,39.89525254886581,55.745081774825344
3,30,gradient_boosting,07111,0.12456067795188337,87.54393220481165,86.33111523530289,124.13904559995682
3,30,gradient_boosting,09000,0.14771994970462143,85.22800502953785,32.9822157345701,49.98554996716524
3,30,gradient_boosting,09122,0.14714865805358404,85.2851341946416,37.4491145034198,60.6579216472143
3,30,gradient_boosting,10009,0.1484168833433851,85.15831166566149,50.73052507935346,78.96226211924589
3,45,baseline_daily,02300,0.30515941858527645,69.48405814147236,92.66220238095238,155.85101917719828
3,45,baseline_daily,03000,0.1709679596795968,82.90320403204032,45.229166666666664,68.4886156685217
3,45,baseline_daily,05000,0.17242736588045485,82.75726341195451,59.32142857142857,88.3482186469837
3,45,baseline_daily,05100,0.16808478619658615,83.19152138034138,101.38839285714286,150.99015952640596
3,45,baseline_daily,06000,0.18131027159650834,81.86897284034916,93.2514880952381,134.68180644799517
3,45,baseline_daily,06111,0.30029209402877216,69.97079059712279,73.58630952380952,114.14197247705324
3,45,baseline_daily,07105,0.2024432809773124,79.75567190226876,55.92857142857143,86.62214401256375
3,45,baseline_daily,07107,0.29911278808892516,70.08872119110748,87.29464285714286,134.8333848372378
3,45,baseline_daily,07111,0.1767095434704661,82.3290456529534,122.47470238095238,182.6461132314932
3,45,baseline_daily,09000,0.18748875307415974,81.25112469258401,41.861607142857146,62.52933835218396
3,45,baseline_daily,09122,0.28952830905784604,71.0471690942154,73.68452380952381,124.92024836823273
3,45,baseline_daily,10009,0.20226211051951049,79.77378894804895,69.13541666666667,110.42634503854336
3,45,baseline_last,02300,0.3447812833857704,65.52187166142296,104.69345238095238,160.29449274620106
3,45,baseline_last,03000,0.3186088110881109,68.13911889118891,84.28720238095238,127.74412319909187
3,45,baseline_last,05000,0.324672459806309,67.53275401936911,111.69940476190476,169.21840634995664
3,45,baseline_last,05100,0.27111205405712113,72.88879459428789,163.5342261904762,227.67776610501832
3,45,baseline_last,06000,0.2896797956154538,71.03202043845462,148.98809523809524,205.2463603876594
3,45,baseline_last,06111,0.2185847103046644,78.14152896953355,53.563988095238095,75.2991553579391
3,45,baseline_last,07105,0.23768663951910024,76.23133604808999,65.66517857142857,98.56422398619085
3,45,baseline_last,07107,0.20390067305731185,79.60993269426882,59.507440476190474,83.82611147062539
3,45,baseline_last,07111,0.27419683823829366,72.58031617617064,190.04166666666666,266.87638145064557
3,45,baseline_last,09000,0.3272705460507461,67.27294539492539,73.07142857142857,108.81103924650643
3,45,baseline_last,09122,0.33718856528069324,66.28114347193068,85.8139880952381,130.57473115678496
3,45,baseline_last,10009,0.2350139531643861,76.49860468356138,80.33035714285714,119.72550450330719
3,45,baseline_weekly,02300,0.18710243366951884,81.28975663304811,56.813988095238095,92.96774434229992
3,45,baseline_weekly,03000,0.15614031140311402,84.3859688596886,41.30654761904762,63.906670230892175
3,45,baseline_weekly,05000,0.15449862236313383,84.55013776368662,53.15327380952381,84.01203676514795
3,45,baseline_weekly,05100,0.1430520366400312,85.69479633599688,86.28869047619048,132.30899305359836
3,45,baseline_weekly,06000,0.1723120278453691,82.76879721546308,88.6235119047619,132.88641430613913
3,45,baseline_weekly,06111,0.16363338252172488,83.63666174782752,40.098214285714285,60.27313821659023
3,45,baseline_weekly,07105,0.19812337060737292,80.18766293926271,54.73511904761905,88.95216745666232
3,45,baseline_weekly,07107,0.15898939424841935,84.10106057515807,46.40029761904762,69.03099502259491
3,45,baseline_weekly,07111,0.16333979598628456,83.66602040137154,113.20833333333333,167.32362782515634
3,45,baseline_weekly,09000,0.16256889783459189,83.74311021654081,36.29761904761905,52.90869831268633
3,45,baseline_weekly,09122,0.15918911491436824,84.08108850856317,40.513392857142854,62.91037890371925
3,45,baseline_weekly,10009,0.20760393039525984,79.23960696047402,70.96130952380952,119.00889072430081
3,45,gradient_boosting,02300,0.1566143169095124,84.33856830904875,47.5562169979965,73.0298761976201
3,45,gradient_boosting,03000,0.13396492858719306,86.60350714128069,35.44010289362624,55.79129231597348
3,45,gradient_boosting,05000,0.1365053014644451,86.34946985355549,46.96290202599621,72.53404204725881
3,45,gradient_boosting,05100,0.11904378255128593,88.09562174487141,71.80696162705536,108.71769159366914
3,45,gradient_boosting,06000,0.13653854510986546,86.34614548901345,70.22449639361164,104.15616492731823
3,45,gradient_boosting,06111,0.14709118725935988,85.290881274064,36.04456410648894,52.45695415564575
3,45,gradient_boosting,07105,0.1512002432067168,84.87997567932833,41.771767190198496,63.804380440814136
3,45,gradient_boosting,07107,0.1461732623105622,85.38267376894377,42.65997054218373,61.2607817110266
3,45,gradient_boosting,07111,0.12883584398744188,87.11641560125581,89.29416792363546,126.59356359485432
3,45,gradient_boosting,09000,0.15251590473734725,84.74840952626528,34.05303402186952,53.16051488494051
3,45,gradient_boosting,09122,0.1510904415389011,84.89095584610989,38.45229253468376,59.87368413699947
3,45,gradient_boosting,10009,0.1560023809009872,84.39976190990129,53.323331675318535,83.36382584375316
3,60,baseline_daily,02300,0.30515941858527645,69.48405814147236,92.66220238095238,155.85101917719828
3,60,baseline_daily,03000,0.1709679596795968,82.90320403204032,45.229166666666664,68.4886156685217
3,60,baseline_daily,05000,0.17242736588045485,82.75726341195451,59.32142857142857,88.3482186469837
3,60,baseline_daily,05100,0.16808478619658615,83.19152138034138,101.38839285714286,150.99015952640596
3,60,baseline_daily,06000,0.18131027159650834,81.86897284034916,93.2514880952381,134.68180644799517
3,60,baseline_daily,06111,0.30029209402877216,69.97079059712279,73.58630952380952,114.14197247705324
3,60,baseline_daily,07105,0.2024432809773124,79.75567190226876,55.92857142857143,86.62214401256375
3,60,baseline_daily,07107,0.29911278808892516,70.08872119110748,87.29464285714286,134.8333848372378
3,60,baseline_daily,07111,0.1767095434704661,82.3290456529534,122.47470238095238,182.6461132314932
3,60,baseline_daily,09000,0.18748875307415974,81.25112469258401,41.861607142857146,62.52933835218396
3,60,baseline_daily,09122,0.28952830905784604,71.0471690942154,73.68452380952381,124.92024836823273
3,60,baseline_daily,10009,0.20226211051951049,79.77378894804895,69.13541666666667,110.42634503854336
3,60,baseline_last,02300,0.43671773158085603,56.3282268419144,132.61011904761904,198.260343211839
3,60,baseline_last,03000,0.39930024300243,60.06997569975701,105.63392857142857,160.71725394084393
3,60,baseline_last,05000,0.4110851107083692,58.89148892916308,141.42857142857142,211.7650947562956
3,60,baseline_last,05100,0.3382393937076445,66.17606062923555,204.02529761904762,281.24749469783643
3,60,baseline_last,06000,0.34631375805429615,65.36862419457039,178.11607142857142,245.7982198490306
3,60,baseline_last,06111,0.25079399780170397,74.92060021982961,61.45684523809524,85.14445882761613
3,60,baseline_last,07105,0.27197660138323315,72.80233986167669,75.13839285714286,111.31848480609054
3,60,baseline_last,07107,0.24144401386905975,75.85559861309402,70.46428571428571,98.01990504848638
3,60,baseline_last,07111,0.3384111320807381,66.1588867919262,234.54761904761904,325.6063939936128
3,60,baseline_last,09000,0.40668883838417497,59.33111616158251,90.80357142857143,135.25760255016738
3,60,baseline_last,09122,0.4197096296989294,58.02903703010707,106.81547619047619,162.41219239359845
3,60,baseline_last,10009,0.28426144007105014,71.57385599289499,97.16369047619048,144.61844297190814
3,60,baseline_weekly,02300,0.18710243366951884,81.28975663304811,56.813988095238095,92.96774434229992
3,60,baseline_weekly,03000,0.15614031140311402,84.3859688596886,41.30654761904762,63.906670230892175
3,60,baseline_weekly,05000,0.15449862236313383,84.55013776368662,53.15327380952381,84.01203676514795
3,60,baseline_weekly,05100,0.1430520366400312,85.69479633599688,86.28869047619048,132.30899305359836
3,60,baseline_weekly,06000,0.1723120278453691,82.76879721546308,88.6235119047619,132.88641430613913
3,60,baseline_weekly,06111,0.16363338252172488,83.63666174782752,40.098214285714285,60.27313821659023
3,60,baseline_weekly,07105,0.19812337060737292,80.18766293926271,54.73511904761905,88.95216745666232
3,60,baseline_weekly,07107,0.15898939424841935,84.10106057515807,46.40029761904762,69.03099502259491
3,60,baseline_weekly,07111,0.16333979598628456,83.66602040137154,113.20833333333333,167.32362782515634
3,60,baseline_weekly,09000,0.16256889783459189,83.74311021654081,36.29761904761905,52.90869831268633
3,60,baseline_weekly,09122,0.15918911491436824,84.08108850856317,40.513392857142854,62.91037890371925
3,60,baseline_weekly,10009,0.20760393039525984,79.23960696047402,70.96130952380952,119.00889072430081
3,60,gradient_boosting,02300,0.1702007128188603,82.97992871811397,51.68175037729125,79.86749729030579
3,60,gradient_boosting,03000,0.14813755750507587,85.18624424949242,39.18943812949757,59.93710839413897
3,60,gradient_boosting,05000,0.13226436770454675,86.77356322954533,45.50386303975785,69.34848471643764
3,60,gradient_boosting,05100,0.12350517612497988,87.649482387502,74.49806493613761,112.17506389186974
3,60,gradient_boosting,06000,0.1383272630421836,86.16727369578165,71.1444696940902,105.84564593492821
3,60,gradient_boosting,06111,0.15388665551930877,84.61133444806912,37.709787536207045,53.691109706499915
3,60,gradient_boosting,07105,0.14366400279893596,85.6335997201064,39.689746201827475,60.640202735645666
3,60,gradient_boosting,07107,0.1489875427615161,85.10124572384838,43.48130489045913,62.132840769148935
3,60,gradient_boosting,07111,0.1311335262642435,86.88664737357566,90.88665663415208,131.85623980875943
3,60,gradient_boosting,09000,0.1553452120851082,84.46547879148918,34.68474846199661,52.546461186773904
3,60,gradient_boosting,09122,0.1561287210704141,84.38712789295859,39.73452717801403,61.62550881189215
3,60,gradient_boosting,10009,0.15194596928232154,84.80540307176784,51.9368055152402,80.39457140148072
